sample_id,template_id,user_input,intent_label,source,split
INT001,investigate_t0,检查案发现场的门锁边缘的刮痕，看看是否有可疑痕迹,investigate,synthetic,
INT002,investigate_t1,调取地下停车场附近的走廊里的脚印并核对时间线,investigate,synthetic,
INT003,investigate_t2,查看车牌记录上的手机最后一次通话记录是否与前后证词一致,investigate,synthetic,
INT004,investigate_t3,勘察公寓楼道，重点关注监控画面中的反光衣角,investigate,synthetic,
INT005,investigate_t4,搜查商场监控室内的行车记录仪，寻找地面残留的泥点,investigate,synthetic,
INT006,investigate_t0,检查医院走廊的桌面上未喝完的咖啡杯，看看是否有可疑痕迹,investigate,synthetic,
INT007,investigate_t1,调取河边码头附近的窗台上的纤维碎屑并核对时间线,investigate,synthetic,
INT008,investigate_t2,查看手提袋上的嫌疑人衣袖上的灰尘是否与前后证词一致,investigate,synthetic,
INT009,investigate_t3,勘察案发现场，重点关注门锁边缘的刮痕,investigate,synthetic,
INT010,investigate_t4,搜查地下停车场内的钥匙串，寻找走廊里的脚印,investigate,synthetic,
INT011,investigate_t0,检查旧仓库的手机最后一次通话记录，看看是否有可疑痕迹,investigate,synthetic,
INT012,investigate_t1,调取公寓楼道附近的监控画面中的反光衣角并核对时间线,investigate,synthetic,
INT013,investigate_t2,查看行车记录仪上的地面残留的泥点是否与前后证词一致,investigate,synthetic,
INT014,investigate_t3,勘察医院走廊，重点关注桌面上未喝完的咖啡杯,investigate,synthetic,
INT015,investigate_t4,搜查河边码头内的药盒，寻找窗台上的纤维碎屑,investigate,synthetic,
INT016,investigate_t0,检查居民楼顶层的嫌疑人衣袖上的灰尘，看看是否有可疑痕迹,investigate,synthetic,
INT017,investigate_t1,调取案发现场附近的门锁边缘的刮痕并核对时间线,investigate,synthetic,
INT018,investigate_t2,查看钥匙串上的走廊里的脚印是否与前后证词一致,investigate,synthetic,
INT019,investigate_t3,勘察旧仓库，重点关注手机最后一次通话记录,investigate,synthetic,
INT020,investigate_t4,搜查公寓楼道内的通话清单，寻找监控画面中的反光衣角,investigate,synthetic,
INT021,investigate_t0,检查商场监控室的地面残留的泥点，看看是否有可疑痕迹,investigate,synthetic,
INT022,investigate_t1,调取医院走廊附近的桌面上未喝完的咖啡杯并核对时间线,investigate,synthetic,
INT023,investigate_t2,查看药盒上的窗台上的纤维碎屑是否与前后证词一致,investigate,synthetic,
INT024,investigate_t3,勘察居民楼顶层，重点关注嫌疑人衣袖上的灰尘,investigate,synthetic,
INT025,investigate_t4,搜查案发现场内的手机，寻找门锁边缘的刮痕,investigate,synthetic,
INT026,investigate_t0,检查地下停车场的走廊里的脚印，看看是否有可疑痕迹,investigate,synthetic,
INT027,investigate_t1,调取旧仓库附近的手机最后一次通话记录并核对时间线,investigate,synthetic,
INT028,investigate_t2,查看通话清单上的监控画面中的反光衣角是否与前后证词一致,investigate,synthetic,
INT029,investigate_t3,勘察商场监控室，重点关注地面残留的泥点,investigate,synthetic,
INT030,investigate_t4,搜查医院走廊内的纸质笔录，寻找桌面上未喝完的咖啡杯,investigate,synthetic,
INT031,investigate_t0,检查河边码头的窗台上的纤维碎屑，看看是否有可疑痕迹,investigate,synthetic,
INT032,investigate_t1,调取居民楼顶层附近的嫌疑人衣袖上的灰尘并核对时间线,investigate,synthetic,
INT033,investigate_t2,查看手机上的门锁边缘的刮痕是否与前后证词一致,investigate,synthetic,
INT034,investigate_t3,勘察地下停车场，重点关注走廊里的脚印,investigate,synthetic,
INT035,investigate_t4,搜查旧仓库内的车牌记录，寻找手机最后一次通话记录,investigate,synthetic,
INT036,investigate_t0,检查公寓楼道的监控画面中的反光衣角，看看是否有可疑痕迹,investigate,synthetic,
INT037,investigate_t1,调取商场监控室附近的地面残留的泥点并核对时间线,investigate,synthetic,
INT038,investigate_t2,查看纸质笔录上的桌面上未喝完的咖啡杯是否与前后证词一致,investigate,synthetic,
INT039,investigate_t3,勘察河边码头，重点关注窗台上的纤维碎屑,investigate,synthetic,
INT040,investigate_t4,搜查居民楼顶层内的手提袋，寻找嫌疑人衣袖上的灰尘,investigate,synthetic,
INT041,investigate_t0,检查案发现场的门锁边缘的刮痕，看看是否有可疑痕迹,investigate,synthetic,
INT042,investigate_t1,调取地下停车场附近的走廊里的脚印并核对时间线,investigate,synthetic,
INT043,investigate_t2,查看车牌记录上的手机最后一次通话记录是否与前后证词一致,investigate,synthetic,
INT044,investigate_t3,勘察公寓楼道，重点关注监控画面中的反光衣角,investigate,synthetic,
INT045,investigate_t4,搜查商场监控室内的行车记录仪，寻找地面残留的泥点,investigate,synthetic,
INT046,investigate_t0,检查医院走廊的桌面上未喝完的咖啡杯，看看是否有可疑痕迹,investigate,synthetic,
INT047,investigate_t1,调取河边码头附近的窗台上的纤维碎屑并核对时间线,investigate,synthetic,
INT048,investigate_t2,查看手提袋上的嫌疑人衣袖上的灰尘是否与前后证词一致,investigate,synthetic,
INT049,investigate_t3,勘察案发现场，重点关注门锁边缘的刮痕,investigate,synthetic,
INT050,investigate_t4,搜查地下停车场内的钥匙串，寻找走廊里的脚印,investigate,synthetic,
INT051,investigate_t0,检查旧仓库的手机最后一次通话记录，看看是否有可疑痕迹,investigate,synthetic,
INT052,investigate_t1,调取公寓楼道附近的监控画面中的反光衣角并核对时间线,investigate,synthetic,
INT053,investigate_t2,查看行车记录仪上的地面残留的泥点是否与前后证词一致,investigate,synthetic,
INT054,investigate_t3,勘察医院走廊，重点关注桌面上未喝完的咖啡杯,investigate,synthetic,
INT055,investigate_t4,搜查河边码头内的药盒，寻找窗台上的纤维碎屑,investigate,synthetic,
INT056,investigate_t0,检查居民楼顶层的嫌疑人衣袖上的灰尘，看看是否有可疑痕迹,investigate,synthetic,
INT057,investigate_t1,调取案发现场附近的门锁边缘的刮痕并核对时间线,investigate,synthetic,
INT058,investigate_t2,查看钥匙串上的走廊里的脚印是否与前后证词一致,investigate,synthetic,
INT059,investigate_t3,勘察旧仓库，重点关注手机最后一次通话记录,investigate,synthetic,
INT060,investigate_t4,搜查公寓楼道内的通话清单，寻找监控画面中的反光衣角,investigate,synthetic,
INT061,investigate_t0,检查商场监控室的地面残留的泥点，看看是否有可疑痕迹,investigate,synthetic,
INT062,investigate_t1,调取医院走廊附近的桌面上未喝完的咖啡杯并核对时间线,investigate,synthetic,
INT063,investigate_t2,查看药盒上的窗台上的纤维碎屑是否与前后证词一致,investigate,synthetic,
INT064,investigate_t3,勘察居民楼顶层，重点关注嫌疑人衣袖上的灰尘,investigate,synthetic,
INT065,investigate_t4,搜查案发现场内的手机，寻找门锁边缘的刮痕,investigate,synthetic,
INT066,investigate_t0,检查地下停车场的走廊里的脚印，看看是否有可疑痕迹,investigate,synthetic,
INT067,investigate_t1,调取旧仓库附近的手机最后一次通话记录并核对时间线,investigate,synthetic,
INT068,investigate_t2,查看通话清单上的监控画面中的反光衣角是否与前后证词一致,investigate,synthetic,
INT069,investigate_t3,勘察商场监控室，重点关注地面残留的泥点,investigate,synthetic,
INT070,investigate_t4,搜查医院走廊内的纸质笔录，寻找桌面上未喝完的咖啡杯,investigate,synthetic,
INT071,investigate_t0,检查河边码头的窗台上的纤维碎屑，看看是否有可疑痕迹,investigate,synthetic,
INT072,investigate_t1,调取居民楼顶层附近的嫌疑人衣袖上的灰尘并核对时间线,investigate,synthetic,
INT073,investigate_t2,查看手机上的门锁边缘的刮痕是否与前后证词一致,investigate,synthetic,
INT074,investigate_t3,勘察地下停车场，重点关注走廊里的脚印,investigate,synthetic,
INT075,investigate_t4,搜查旧仓库内的车牌记录，寻找手机最后一次通话记录,investigate,synthetic,
INT076,investigate_t0,检查公寓楼道的监控画面中的反光衣角，看看是否有可疑痕迹,investigate,synthetic,
INT077,investigate_t1,调取商场监控室附近的地面残留的泥点并核对时间线,investigate,synthetic,
INT078,investigate_t2,查看纸质笔录上的桌面上未喝完的咖啡杯是否与前后证词一致,investigate,synthetic,
INT079,investigate_t3,勘察河边码头，重点关注窗台上的纤维碎屑,investigate,synthetic,
INT080,investigate_t4,搜查居民楼顶层内的手提袋，寻找嫌疑人衣袖上的灰尘,investigate,synthetic,
INT081,investigate_t0,检查案发现场的门锁边缘的刮痕，看看是否有可疑痕迹,investigate,synthetic,
INT082,investigate_t1,调取地下停车场附近的走廊里的脚印并核对时间线,investigate,synthetic,
INT083,investigate_t2,查看车牌记录上的手机最后一次通话记录是否与前后证词一致,investigate,synthetic,
INT084,investigate_t3,勘察公寓楼道，重点关注监控画面中的反光衣角,investigate,synthetic,
INT085,investigate_t4,搜查商场监控室内的行车记录仪，寻找地面残留的泥点,investigate,synthetic,
INT086,investigate_t0,检查医院走廊的桌面上未喝完的咖啡杯，看看是否有可疑痕迹,investigate,synthetic,
INT087,investigate_t1,调取河边码头附近的窗台上的纤维碎屑并核对时间线,investigate,synthetic,
INT088,investigate_t2,查看手提袋上的嫌疑人衣袖上的灰尘是否与前后证词一致,investigate,synthetic,
INT089,investigate_t3,勘察案发现场，重点关注门锁边缘的刮痕,investigate,synthetic,
INT090,investigate_t4,搜查地下停车场内的钥匙串，寻找走廊里的脚印,investigate,synthetic,
INT091,investigate_t0,检查旧仓库的手机最后一次通话记录，看看是否有可疑痕迹,investigate,synthetic,
INT092,investigate_t1,调取公寓楼道附近的监控画面中的反光衣角并核对时间线,investigate,synthetic,
INT093,investigate_t2,查看行车记录仪上的地面残留的泥点是否与前后证词一致,investigate,synthetic,
INT094,investigate_t3,勘察医院走廊，重点关注桌面上未喝完的咖啡杯,investigate,synthetic,
INT095,investigate_t4,搜查河边码头内的药盒，寻找窗台上的纤维碎屑,investigate,synthetic,
INT096,investigate_t0,检查居民楼顶层的嫌疑人衣袖上的灰尘，看看是否有可疑痕迹,investigate,synthetic,
INT097,investigate_t1,调取案发现场附近的门锁边缘的刮痕并核对时间线,investigate,synthetic,
INT098,investigate_t2,查看钥匙串上的走廊里的脚印是否与前后证词一致,investigate,synthetic,
INT099,investigate_t3,勘察旧仓库，重点关注手机最后一次通话记录,investigate,synthetic,
INT100,investigate_t4,搜查公寓楼道内的通话清单，寻找监控画面中的反光衣角,investigate,synthetic,
INT101,investigate_t0,检查商场监控室的地面残留的泥点，看看是否有可疑痕迹,investigate,synthetic,
INT102,investigate_t1,调取医院走廊附近的桌面上未喝完的咖啡杯并核对时间线,investigate,synthetic,
INT103,investigate_t2,查看药盒上的窗台上的纤维碎屑是否与前后证词一致,investigate,synthetic,
INT104,investigate_t3,勘察居民楼顶层，重点关注嫌疑人衣袖上的灰尘,investigate,synthetic,
INT105,investigate_t4,搜查案发现场内的手机，寻找门锁边缘的刮痕,investigate,synthetic,
INT106,investigate_t0,检查地下停车场的走廊里的脚印，看看是否有可疑痕迹,investigate,synthetic,
INT107,investigate_t1,调取旧仓库附近的手机最后一次通话记录并核对时间线,investigate,synthetic,
INT108,investigate_t2,查看通话清单上的监控画面中的反光衣角是否与前后证词一致,investigate,synthetic,
INT109,investigate_t3,勘察商场监控室，重点关注地面残留的泥点,investigate,synthetic,
INT110,investigate_t4,搜查医院走廊内的纸质笔录，寻找桌面上未喝完的咖啡杯,investigate,synthetic,
INT111,investigate_t0,检查河边码头的窗台上的纤维碎屑，看看是否有可疑痕迹,investigate,synthetic,
INT112,investigate_t1,调取居民楼顶层附近的嫌疑人衣袖上的灰尘并核对时间线,investigate,synthetic,
INT113,investigate_t2,查看手机上的门锁边缘的刮痕是否与前后证词一致,investigate,synthetic,
INT114,investigate_t3,勘察地下停车场，重点关注走廊里的脚印,investigate,synthetic,
INT115,investigate_t4,搜查旧仓库内的车牌记录，寻找手机最后一次通话记录,investigate,synthetic,
INT116,investigate_t0,检查公寓楼道的监控画面中的反光衣角，看看是否有可疑痕迹,investigate,synthetic,
INT117,investigate_t1,调取商场监控室附近的地面残留的泥点并核对时间线,investigate,synthetic,
INT118,investigate_t2,查看纸质笔录上的桌面上未喝完的咖啡杯是否与前后证词一致,investigate,synthetic,
INT119,investigate_t3,勘察河边码头，重点关注窗台上的纤维碎屑,investigate,synthetic,
INT120,investigate_t4,搜查居民楼顶层内的手提袋，寻找嫌疑人衣袖上的灰尘,investigate,synthetic,
INT121,investigate_t0,检查案发现场的门锁边缘的刮痕，看看是否有可疑痕迹,investigate,synthetic,
INT122,investigate_t1,调取地下停车场附近的走廊里的脚印并核对时间线,investigate,synthetic,
INT123,investigate_t2,查看车牌记录上的手机最后一次通话记录是否与前后证词一致,investigate,synthetic,
INT124,investigate_t3,勘察公寓楼道，重点关注监控画面中的反光衣角,investigate,synthetic,
INT125,investigate_t4,搜查商场监控室内的行车记录仪，寻找地面残留的泥点,investigate,synthetic,
INT126,interrogate_t0,请详细说明你昨晚昨晚20:00到23:30在哪里，和谁接触过,interrogate,synthetic,
INT127,interrogate_t1,为什么你前后两次说法不一致，请解释监控画面中的反光衣角,interrogate,synthetic,
INT128,interrogate_t2,你和受害者家属是什么关系，是否隐瞒了地面残留的泥点,interrogate,synthetic,
INT129,interrogate_t3,请回忆接到电话之后前后发生了什么，尤其是桌面上未喝完的咖啡杯,interrogate,synthetic,
INT130,interrogate_t4,你是否知道手提袋的去向，请直接回答,interrogate,synthetic,
INT131,interrogate_t0,请详细说明你昨晚昨晚20:00到23:30在哪里，和谁接触过,interrogate,synthetic,
INT132,interrogate_t1,为什么你前后两次说法不一致，请解释门锁边缘的刮痕,interrogate,synthetic,
INT133,interrogate_t2,你和便利店店员是什么关系，是否隐瞒了走廊里的脚印,interrogate,synthetic,
INT134,interrogate_t3,请回忆接到电话之后前后发生了什么，尤其是手机最后一次通话记录,interrogate,synthetic,
INT135,interrogate_t4,你是否知道行车记录仪的去向，请直接回答,interrogate,synthetic,
INT136,interrogate_t0,请详细说明你昨晚昨晚20:00到23:30在哪里，和谁接触过,interrogate,synthetic,
INT137,interrogate_t1,为什么你前后两次说法不一致，请解释桌面上未喝完的咖啡杯,interrogate,synthetic,
INT138,interrogate_t2,你和报案人是什么关系，是否隐瞒了窗台上的纤维碎屑,interrogate,synthetic,
INT139,interrogate_t3,请回忆接到电话之后前后发生了什么，尤其是嫌疑人衣袖上的灰尘,interrogate,synthetic,
INT140,interrogate_t4,你是否知道钥匙串的去向，请直接回答,interrogate,synthetic,
INT141,interrogate_t0,请详细说明你昨晚昨晚20:00到23:30在哪里，和谁接触过,interrogate,synthetic,
INT142,interrogate_t1,为什么你前后两次说法不一致，请解释手机最后一次通话记录,interrogate,synthetic,
INT143,interrogate_t2,你和目击者是什么关系，是否隐瞒了监控画面中的反光衣角,interrogate,synthetic,
INT144,interrogate_t3,请回忆接到电话之后前后发生了什么，尤其是地面残留的泥点,interrogate,synthetic,
INT145,interrogate_t4,你是否知道药盒的去向，请直接回答,interrogate,synthetic,
INT146,interrogate_t0,请详细说明你昨晚昨晚20:00到23:30在哪里，和谁接触过,interrogate,synthetic,
INT147,interrogate_t1,为什么你前后两次说法不一致，请解释嫌疑人衣袖上的灰尘,interrogate,synthetic,
INT148,interrogate_t2,你和楼下保安是什么关系，是否隐瞒了门锁边缘的刮痕,interrogate,synthetic,
INT149,interrogate_t3,请回忆接到电话之后前后发生了什么，尤其是走廊里的脚印,interrogate,synthetic,
INT150,interrogate_t4,你是否知道通话清单的去向，请直接回答,interrogate,synthetic,
INT151,interrogate_t0,请详细说明你昨晚昨晚20:00到23:30在哪里，和谁接触过,interrogate,synthetic,
INT152,interrogate_t1,为什么你前后两次说法不一致，请解释地面残留的泥点,interrogate,synthetic,
INT153,interrogate_t2,你和出租车司机是什么关系，是否隐瞒了桌面上未喝完的咖啡杯,interrogate,synthetic,
INT154,interrogate_t3,请回忆接到电话之后前后发生了什么，尤其是窗台上的纤维碎屑,interrogate,synthetic,
INT155,interrogate_t4,你是否知道手机的去向，请直接回答,interrogate,synthetic,
INT156,interrogate_t0,请详细说明你昨晚昨晚20:00到23:30在哪里，和谁接触过,interrogate,synthetic,
INT157,interrogate_t1,为什么你前后两次说法不一致，请解释走廊里的脚印,interrogate,synthetic,
INT158,interrogate_t2,你和嫌疑人是什么关系，是否隐瞒了手机最后一次通话记录,interrogate,synthetic,
INT159,interrogate_t3,请回忆接到电话之后前后发生了什么，尤其是监控画面中的反光衣角,interrogate,synthetic,
INT160,interrogate_t4,你是否知道纸质笔录的去向，请直接回答,interrogate,synthetic,
INT161,interrogate_t0,请详细说明你昨晚昨晚20:00到23:30在哪里，和谁接触过,interrogate,synthetic,
INT162,interrogate_t1,为什么你前后两次说法不一致，请解释窗台上的纤维碎屑,interrogate,synthetic,
INT163,interrogate_t2,你和失踪者的同事是什么关系，是否隐瞒了嫌疑人衣袖上的灰尘,interrogate,synthetic,
INT164,interrogate_t3,请回忆接到电话之后前后发生了什么，尤其是门锁边缘的刮痕,interrogate,synthetic,
INT165,interrogate_t4,你是否知道车牌记录的去向，请直接回答,interrogate,synthetic,
INT166,interrogate_t0,请详细说明你昨晚昨晚20:00到23:30在哪里，和谁接触过,interrogate,synthetic,
INT167,interrogate_t1,为什么你前后两次说法不一致，请解释监控画面中的反光衣角,interrogate,synthetic,
INT168,interrogate_t2,你和受害者家属是什么关系，是否隐瞒了地面残留的泥点,interrogate,synthetic,
INT169,interrogate_t3,请回忆接到电话之后前后发生了什么，尤其是桌面上未喝完的咖啡杯,interrogate,synthetic,
INT170,interrogate_t4,你是否知道手提袋的去向，请直接回答,interrogate,synthetic,
INT171,interrogate_t0,请详细说明你昨晚昨晚20:00到23:30在哪里，和谁接触过,interrogate,synthetic,
INT172,interrogate_t1,为什么你前后两次说法不一致，请解释门锁边缘的刮痕,interrogate,synthetic,
INT173,interrogate_t2,你和便利店店员是什么关系，是否隐瞒了走廊里的脚印,interrogate,synthetic,
INT174,interrogate_t3,请回忆接到电话之后前后发生了什么，尤其是手机最后一次通话记录,interrogate,synthetic,
INT175,interrogate_t4,你是否知道行车记录仪的去向，请直接回答,interrogate,synthetic,
INT176,interrogate_t0,请详细说明你昨晚昨晚20:00到23:30在哪里，和谁接触过,interrogate,synthetic,
INT177,interrogate_t1,为什么你前后两次说法不一致，请解释桌面上未喝完的咖啡杯,interrogate,synthetic,
INT178,interrogate_t2,你和报案人是什么关系，是否隐瞒了窗台上的纤维碎屑,interrogate,synthetic,
INT179,interrogate_t3,请回忆接到电话之后前后发生了什么，尤其是嫌疑人衣袖上的灰尘,interrogate,synthetic,
INT180,interrogate_t4,你是否知道钥匙串的去向，请直接回答,interrogate,synthetic,
INT181,interrogate_t0,请详细说明你昨晚昨晚20:00到23:30在哪里，和谁接触过,interrogate,synthetic,
INT182,interrogate_t1,为什么你前后两次说法不一致，请解释手机最后一次通话记录,interrogate,synthetic,
INT183,interrogate_t2,你和目击者是什么关系，是否隐瞒了监控画面中的反光衣角,interrogate,synthetic,
INT184,interrogate_t3,请回忆接到电话之后前后发生了什么，尤其是地面残留的泥点,interrogate,synthetic,
INT185,interrogate_t4,你是否知道药盒的去向，请直接回答,interrogate,synthetic,
INT186,interrogate_t0,请详细说明你昨晚昨晚20:00到23:30在哪里，和谁接触过,interrogate,synthetic,
INT187,interrogate_t1,为什么你前后两次说法不一致，请解释嫌疑人衣袖上的灰尘,interrogate,synthetic,
INT188,interrogate_t2,你和楼下保安是什么关系，是否隐瞒了门锁边缘的刮痕,interrogate,synthetic,
INT189,interrogate_t3,请回忆接到电话之后前后发生了什么，尤其是走廊里的脚印,interrogate,synthetic,
INT190,interrogate_t4,你是否知道通话清单的去向，请直接回答,interrogate,synthetic,
INT191,interrogate_t0,请详细说明你昨晚昨晚20:00到23:30在哪里，和谁接触过,interrogate,synthetic,
INT192,interrogate_t1,为什么你前后两次说法不一致，请解释地面残留的泥点,interrogate,synthetic,
INT193,interrogate_t2,你和出租车司机是什么关系，是否隐瞒了桌面上未喝完的咖啡杯,interrogate,synthetic,
INT194,interrogate_t3,请回忆接到电话之后前后发生了什么，尤其是窗台上的纤维碎屑,interrogate,synthetic,
INT195,interrogate_t4,你是否知道手机的去向，请直接回答,interrogate,synthetic,
INT196,interrogate_t0,请详细说明你昨晚昨晚20:00到23:30在哪里，和谁接触过,interrogate,synthetic,
INT197,interrogate_t1,为什么你前后两次说法不一致，请解释走廊里的脚印,interrogate,synthetic,
INT198,interrogate_t2,你和嫌疑人是什么关系，是否隐瞒了手机最后一次通话记录,interrogate,synthetic,
INT199,interrogate_t3,请回忆接到电话之后前后发生了什么，尤其是监控画面中的反光衣角,interrogate,synthetic,
INT200,interrogate_t4,你是否知道纸质笔录的去向，请直接回答,interrogate,synthetic,
INT201,interrogate_t0,请详细说明你昨晚昨晚20:00到23:30在哪里，和谁接触过,interrogate,synthetic,
INT202,interrogate_t1,为什么你前后两次说法不一致，请解释窗台上的纤维碎屑,interrogate,synthetic,
INT203,interrogate_t2,你和失踪者的同事是什么关系，是否隐瞒了嫌疑人衣袖上的灰尘,interrogate,synthetic,
INT204,interrogate_t3,请回忆接到电话之后前后发生了什么，尤其是门锁边缘的刮痕,interrogate,synthetic,
INT205,interrogate_t4,你是否知道车牌记录的去向，请直接回答,interrogate,synthetic,
INT206,interrogate_t0,请详细说明你昨晚昨晚20:00到23:30在哪里，和谁接触过,interrogate,synthetic,
INT207,interrogate_t1,为什么你前后两次说法不一致，请解释监控画面中的反光衣角,interrogate,synthetic,
INT208,interrogate_t2,你和受害者家属是什么关系，是否隐瞒了地面残留的泥点,interrogate,synthetic,
INT209,interrogate_t3,请回忆接到电话之后前后发生了什么，尤其是桌面上未喝完的咖啡杯,interrogate,synthetic,
INT210,interrogate_t4,你是否知道手提袋的去向，请直接回答,interrogate,synthetic,
INT211,interrogate_t0,请详细说明你昨晚昨晚20:00到23:30在哪里，和谁接触过,interrogate,synthetic,
INT212,interrogate_t1,为什么你前后两次说法不一致，请解释门锁边缘的刮痕,interrogate,synthetic,
INT213,interrogate_t2,你和便利店店员是什么关系，是否隐瞒了走廊里的脚印,interrogate,synthetic,
INT214,interrogate_t3,请回忆接到电话之后前后发生了什么，尤其是手机最后一次通话记录,interrogate,synthetic,
INT215,interrogate_t4,你是否知道行车记录仪的去向，请直接回答,interrogate,synthetic,
INT216,interrogate_t0,请详细说明你昨晚昨晚20:00到23:30在哪里，和谁接触过,interrogate,synthetic,
INT217,interrogate_t1,为什么你前后两次说法不一致，请解释桌面上未喝完的咖啡杯,interrogate,synthetic,
INT218,interrogate_t2,你和报案人是什么关系，是否隐瞒了窗台上的纤维碎屑,interrogate,synthetic,
INT219,interrogate_t3,请回忆接到电话之后前后发生了什么，尤其是嫌疑人衣袖上的灰尘,interrogate,synthetic,
INT220,interrogate_t4,你是否知道钥匙串的去向，请直接回答,interrogate,synthetic,
INT221,interrogate_t0,请详细说明你昨晚昨晚20:00到23:30在哪里，和谁接触过,interrogate,synthetic,
INT222,interrogate_t1,为什么你前后两次说法不一致，请解释手机最后一次通话记录,interrogate,synthetic,
INT223,interrogate_t2,你和目击者是什么关系，是否隐瞒了监控画面中的反光衣角,interrogate,synthetic,
INT224,interrogate_t3,请回忆接到电话之后前后发生了什么，尤其是地面残留的泥点,interrogate,synthetic,
INT225,interrogate_t4,你是否知道药盒的去向，请直接回答,interrogate,synthetic,
INT226,interrogate_t0,请详细说明你昨晚昨晚20:00到23:30在哪里，和谁接触过,interrogate,synthetic,
INT227,interrogate_t1,为什么你前后两次说法不一致，请解释嫌疑人衣袖上的灰尘,interrogate,synthetic,
INT228,interrogate_t2,你和楼下保安是什么关系，是否隐瞒了门锁边缘的刮痕,interrogate,synthetic,
INT229,interrogate_t3,请回忆接到电话之后前后发生了什么，尤其是走廊里的脚印,interrogate,synthetic,
INT230,interrogate_t4,你是否知道通话清单的去向，请直接回答,interrogate,synthetic,
INT231,interrogate_t0,请详细说明你昨晚昨晚20:00到23:30在哪里，和谁接触过,interrogate,synthetic,
INT232,interrogate_t1,为什么你前后两次说法不一致，请解释地面残留的泥点,interrogate,synthetic,
INT233,interrogate_t2,你和出租车司机是什么关系，是否隐瞒了桌面上未喝完的咖啡杯,interrogate,synthetic,
INT234,interrogate_t3,请回忆接到电话之后前后发生了什么，尤其是窗台上的纤维碎屑,interrogate,synthetic,
INT235,interrogate_t4,你是否知道手机的去向，请直接回答,interrogate,synthetic,
INT236,interrogate_t0,请详细说明你昨晚昨晚20:00到23:30在哪里，和谁接触过,interrogate,synthetic,
INT237,interrogate_t1,为什么你前后两次说法不一致，请解释走廊里的脚印,interrogate,synthetic,
INT238,interrogate_t2,你和嫌疑人是什么关系，是否隐瞒了手机最后一次通话记录,interrogate,synthetic,
INT239,interrogate_t3,请回忆接到电话之后前后发生了什么，尤其是监控画面中的反光衣角,interrogate,synthetic,
INT240,interrogate_t4,你是否知道纸质笔录的去向，请直接回答,interrogate,synthetic,
INT241,interrogate_t0,请详细说明你昨晚昨晚20:00到23:30在哪里，和谁接触过,interrogate,synthetic,
INT242,interrogate_t1,为什么你前后两次说法不一致，请解释窗台上的纤维碎屑,interrogate,synthetic,
INT243,interrogate_t2,你和失踪者的同事是什么关系，是否隐瞒了嫌疑人衣袖上的灰尘,interrogate,synthetic,
INT244,interrogate_t3,请回忆接到电话之后前后发生了什么，尤其是门锁边缘的刮痕,interrogate,synthetic,
INT245,interrogate_t4,你是否知道车牌记录的去向，请直接回答,interrogate,synthetic,
INT246,interrogate_t0,请详细说明你昨晚昨晚20:00到23:30在哪里，和谁接触过,interrogate,synthetic,
INT247,interrogate_t1,为什么你前后两次说法不一致，请解释监控画面中的反光衣角,interrogate,synthetic,
INT248,interrogate_t2,你和受害者家属是什么关系，是否隐瞒了地面残留的泥点,interrogate,synthetic,
INT249,interrogate_t3,请回忆接到电话之后前后发生了什么，尤其是桌面上未喝完的咖啡杯,interrogate,synthetic,
INT250,interrogate_t4,你是否知道手提袋的去向，请直接回答,interrogate,synthetic,
INT251,deduce_t0,我怀疑报案人在伪造不在场证明，动机可能是债务压力,deduce,synthetic,
INT252,deduce_t1,根据鞋印大小与嫌疑人一致和时间线推断，真正的作案者更像是失踪者的同事,deduce,synthetic,
INT253,deduce_t2,结合窗台上的纤维碎屑来看，这起案件应该不是意外，而是职场竞争,deduce,synthetic,
INT254,deduce_t3,从走廊地面留下新鲜泥渍判断，嫌疑人显然提前布置了嫌疑人衣袖上的灰尘,deduce,synthetic,
INT255,deduce_t4,我认为嫌疑人在刻意转移视线，背后与隐瞒关系有关,deduce,synthetic,
INT256,deduce_t0,我怀疑目击者在伪造不在场证明，动机可能是非法交易,deduce,synthetic,
INT257,deduce_t1,根据门锁无撬痕但门把有摩擦和时间线推断，真正的作案者更像是受害者家属,deduce,synthetic,
INT258,deduce_t2,结合监控画面中的反光衣角来看，这起案件应该不是意外，而是家庭矛盾,deduce,synthetic,
INT259,deduce_t3,从手机恢复出陌生号码的通话判断，嫌疑人显然提前布置了地面残留的泥点,deduce,synthetic,
INT260,deduce_t4,我认为失踪者的同事在刻意转移视线，背后与保险赔偿有关,deduce,synthetic,
INT261,deduce_t0,我怀疑楼下保安在伪造不在场证明，动机可能是职场竞争,deduce,synthetic,
INT262,deduce_t1,根据走廊地面留下新鲜泥渍和时间线推断，真正的作案者更像是便利店店员,deduce,synthetic,
INT263,deduce_t2,结合门锁边缘的刮痕来看，这起案件应该不是意外，而是隐瞒关系,deduce,synthetic,
INT264,deduce_t3,从车库刹车痕方向异常判断，嫌疑人显然提前布置了走廊里的脚印,deduce,synthetic,
INT265,deduce_t4,我认为受害者家属在刻意转移视线，背后与财务纠纷有关,deduce,synthetic,
INT266,deduce_t0,我怀疑出租车司机在伪造不在场证明，动机可能是家庭矛盾,deduce,synthetic,
INT267,deduce_t1,根据手机恢复出陌生号码的通话和时间线推断，真正的作案者更像是报案人,deduce,synthetic,
INT268,deduce_t2,结合桌面上未喝完的咖啡杯来看，这起案件应该不是意外，而是保险赔偿,deduce,synthetic,
INT269,deduce_t3,从转账记录与口供时间冲突判断，嫌疑人显然提前布置了窗台上的纤维碎屑,deduce,synthetic,
INT270,deduce_t4,我认为便利店店员在刻意转移视线，背后与旧日恩怨有关,deduce,synthetic,
INT271,deduce_t0,我怀疑嫌疑人在伪造不在场证明，动机可能是隐瞒关系,deduce,synthetic,
INT272,deduce_t1,根据车库刹车痕方向异常和时间线推断，真正的作案者更像是目击者,deduce,synthetic,
INT273,deduce_t2,结合手机最后一次通话记录来看，这起案件应该不是意外，而是财务纠纷,deduce,synthetic,
INT274,deduce_t3,从监控在关键时间段突然中断判断，嫌疑人显然提前布置了监控画面中的反光衣角,deduce,synthetic,
INT275,deduce_t4,我认为报案人在刻意转移视线，背后与债务压力有关,deduce,synthetic,
INT276,deduce_t0,我怀疑失踪者的同事在伪造不在场证明，动机可能是保险赔偿,deduce,synthetic,
INT277,deduce_t1,根据转账记录与口供时间冲突和时间线推断，真正的作案者更像是楼下保安,deduce,synthetic,
INT278,deduce_t2,结合嫌疑人衣袖上的灰尘来看，这起案件应该不是意外，而是旧日恩怨,deduce,synthetic,
INT279,deduce_t3,从窗台纤维与雨衣材质相同判断，嫌疑人显然提前布置了门锁边缘的刮痕,deduce,synthetic,
INT280,deduce_t4,我认为目击者在刻意转移视线，背后与非法交易有关,deduce,synthetic,
INT281,deduce_t0,我怀疑受害者家属在伪造不在场证明，动机可能是财务纠纷,deduce,synthetic,
INT282,deduce_t1,根据监控在关键时间段突然中断和时间线推断，真正的作案者更像是出租车司机,deduce,synthetic,
INT283,deduce_t2,结合地面残留的泥点来看，这起案件应该不是意外，而是债务压力,deduce,synthetic,
INT284,deduce_t3,从鞋印大小与嫌疑人一致判断，嫌疑人显然提前布置了桌面上未喝完的咖啡杯,deduce,synthetic,
INT285,deduce_t4,我认为楼下保安在刻意转移视线，背后与职场竞争有关,deduce,synthetic,
INT286,deduce_t0,我怀疑便利店店员在伪造不在场证明，动机可能是旧日恩怨,deduce,synthetic,
INT287,deduce_t1,根据窗台纤维与雨衣材质相同和时间线推断，真正的作案者更像是嫌疑人,deduce,synthetic,
INT288,deduce_t2,结合走廊里的脚印来看，这起案件应该不是意外，而是非法交易,deduce,synthetic,
INT289,deduce_t3,从门锁无撬痕但门把有摩擦判断，嫌疑人显然提前布置了手机最后一次通话记录,deduce,synthetic,
INT290,deduce_t4,我认为出租车司机在刻意转移视线，背后与家庭矛盾有关,deduce,synthetic,
INT291,deduce_t0,我怀疑报案人在伪造不在场证明，动机可能是债务压力,deduce,synthetic,
INT292,deduce_t1,根据鞋印大小与嫌疑人一致和时间线推断，真正的作案者更像是失踪者的同事,deduce,synthetic,
INT293,deduce_t2,结合窗台上的纤维碎屑来看，这起案件应该不是意外，而是职场竞争,deduce,synthetic,
INT294,deduce_t3,从走廊地面留下新鲜泥渍判断，嫌疑人显然提前布置了嫌疑人衣袖上的灰尘,deduce,synthetic,
INT295,deduce_t4,我认为嫌疑人在刻意转移视线，背后与隐瞒关系有关,deduce,synthetic,
INT296,deduce_t0,我怀疑目击者在伪造不在场证明，动机可能是非法交易,deduce,synthetic,
INT297,deduce_t1,根据门锁无撬痕但门把有摩擦和时间线推断，真正的作案者更像是受害者家属,deduce,synthetic,
INT298,deduce_t2,结合监控画面中的反光衣角来看，这起案件应该不是意外，而是家庭矛盾,deduce,synthetic,
INT299,deduce_t3,从手机恢复出陌生号码的通话判断，嫌疑人显然提前布置了地面残留的泥点,deduce,synthetic,
INT300,deduce_t4,我认为失踪者的同事在刻意转移视线，背后与保险赔偿有关,deduce,synthetic,
INT301,deduce_t0,我怀疑楼下保安在伪造不在场证明，动机可能是职场竞争,deduce,synthetic,
INT302,deduce_t1,根据走廊地面留下新鲜泥渍和时间线推断，真正的作案者更像是便利店店员,deduce,synthetic,
INT303,deduce_t2,结合门锁边缘的刮痕来看，这起案件应该不是意外，而是隐瞒关系,deduce,synthetic,
INT304,deduce_t3,从车库刹车痕方向异常判断，嫌疑人显然提前布置了走廊里的脚印,deduce,synthetic,
INT305,deduce_t4,我认为受害者家属在刻意转移视线，背后与财务纠纷有关,deduce,synthetic,
INT306,deduce_t0,我怀疑出租车司机在伪造不在场证明，动机可能是家庭矛盾,deduce,synthetic,
INT307,deduce_t1,根据手机恢复出陌生号码的通话和时间线推断，真正的作案者更像是报案人,deduce,synthetic,
INT308,deduce_t2,结合桌面上未喝完的咖啡杯来看，这起案件应该不是意外，而是保险赔偿,deduce,synthetic,
INT309,deduce_t3,从转账记录与口供时间冲突判断，嫌疑人显然提前布置了窗台上的纤维碎屑,deduce,synthetic,
INT310,deduce_t4,我认为便利店店员在刻意转移视线，背后与旧日恩怨有关,deduce,synthetic,
INT311,deduce_t0,我怀疑嫌疑人在伪造不在场证明，动机可能是隐瞒关系,deduce,synthetic,
INT312,deduce_t1,根据车库刹车痕方向异常和时间线推断，真正的作案者更像是目击者,deduce,synthetic,
INT313,deduce_t2,结合手机最后一次通话记录来看，这起案件应该不是意外，而是财务纠纷,deduce,synthetic,
INT314,deduce_t3,从监控在关键时间段突然中断判断，嫌疑人显然提前布置了监控画面中的反光衣角,deduce,synthetic,
INT315,deduce_t4,我认为报案人在刻意转移视线，背后与债务压力有关,deduce,synthetic,
INT316,deduce_t0,我怀疑失踪者的同事在伪造不在场证明，动机可能是保险赔偿,deduce,synthetic,
INT317,deduce_t1,根据转账记录与口供时间冲突和时间线推断，真正的作案者更像是楼下保安,deduce,synthetic,
INT318,deduce_t2,结合嫌疑人衣袖上的灰尘来看，这起案件应该不是意外，而是旧日恩怨,deduce,synthetic,
INT319,deduce_t3,从窗台纤维与雨衣材质相同判断，嫌疑人显然提前布置了门锁边缘的刮痕,deduce,synthetic,
INT320,deduce_t4,我认为目击者在刻意转移视线，背后与非法交易有关,deduce,synthetic,
INT321,deduce_t0,我怀疑受害者家属在伪造不在场证明，动机可能是财务纠纷,deduce,synthetic,
INT322,deduce_t1,根据监控在关键时间段突然中断和时间线推断，真正的作案者更像是出租车司机,deduce,synthetic,
INT323,deduce_t2,结合地面残留的泥点来看，这起案件应该不是意外，而是债务压力,deduce,synthetic,
INT324,deduce_t3,从鞋印大小与嫌疑人一致判断，嫌疑人显然提前布置了桌面上未喝完的咖啡杯,deduce,synthetic,
INT325,deduce_t4,我认为楼下保安在刻意转移视线，背后与职场竞争有关,deduce,synthetic,
INT326,deduce_t0,我怀疑便利店店员在伪造不在场证明，动机可能是旧日恩怨,deduce,synthetic,
INT327,deduce_t1,根据窗台纤维与雨衣材质相同和时间线推断，真正的作案者更像是嫌疑人,deduce,synthetic,
INT328,deduce_t2,结合走廊里的脚印来看，这起案件应该不是意外，而是非法交易,deduce,synthetic,
INT329,deduce_t3,从门锁无撬痕但门把有摩擦判断，嫌疑人显然提前布置了手机最后一次通话记录,deduce,synthetic,
INT330,deduce_t4,我认为出租车司机在刻意转移视线，背后与家庭矛盾有关,deduce,synthetic,
INT331,deduce_t0,我怀疑报案人在伪造不在场证明，动机可能是债务压力,deduce,synthetic,
INT332,deduce_t1,根据鞋印大小与嫌疑人一致和时间线推断，真正的作案者更像是失踪者的同事,deduce,synthetic,
INT333,deduce_t2,结合窗台上的纤维碎屑来看，这起案件应该不是意外，而是职场竞争,deduce,synthetic,
INT334,deduce_t3,从走廊地面留下新鲜泥渍判断，嫌疑人显然提前布置了嫌疑人衣袖上的灰尘,deduce,synthetic,
INT335,deduce_t4,我认为嫌疑人在刻意转移视线，背后与隐瞒关系有关,deduce,synthetic,
INT336,deduce_t0,我怀疑目击者在伪造不在场证明，动机可能是非法交易,deduce,synthetic,
INT337,deduce_t1,根据门锁无撬痕但门把有摩擦和时间线推断，真正的作案者更像是受害者家属,deduce,synthetic,
INT338,deduce_t2,结合监控画面中的反光衣角来看，这起案件应该不是意外，而是家庭矛盾,deduce,synthetic,
INT339,deduce_t3,从手机恢复出陌生号码的通话判断，嫌疑人显然提前布置了地面残留的泥点,deduce,synthetic,
INT340,deduce_t4,我认为失踪者的同事在刻意转移视线，背后与保险赔偿有关,deduce,synthetic,
INT341,deduce_t0,我怀疑楼下保安在伪造不在场证明，动机可能是职场竞争,deduce,synthetic,
INT342,deduce_t1,根据走廊地面留下新鲜泥渍和时间线推断，真正的作案者更像是便利店店员,deduce,synthetic,
INT343,deduce_t2,结合门锁边缘的刮痕来看，这起案件应该不是意外，而是隐瞒关系,deduce,synthetic,
INT344,deduce_t3,从车库刹车痕方向异常判断，嫌疑人显然提前布置了走廊里的脚印,deduce,synthetic,
INT345,deduce_t4,我认为受害者家属在刻意转移视线，背后与财务纠纷有关,deduce,synthetic,
INT346,deduce_t0,我怀疑出租车司机在伪造不在场证明，动机可能是家庭矛盾,deduce,synthetic,
INT347,deduce_t1,根据手机恢复出陌生号码的通话和时间线推断，真正的作案者更像是报案人,deduce,synthetic,
INT348,deduce_t2,结合桌面上未喝完的咖啡杯来看，这起案件应该不是意外，而是保险赔偿,deduce,synthetic,
INT349,deduce_t3,从转账记录与口供时间冲突判断，嫌疑人显然提前布置了窗台上的纤维碎屑,deduce,synthetic,
INT350,deduce_t4,我认为便利店店员在刻意转移视线，背后与旧日恩怨有关,deduce,synthetic,
INT351,deduce_t0,我怀疑嫌疑人在伪造不在场证明，动机可能是隐瞒关系,deduce,synthetic,
INT352,deduce_t1,根据车库刹车痕方向异常和时间线推断，真正的作案者更像是目击者,deduce,synthetic,
INT353,deduce_t2,结合手机最后一次通话记录来看，这起案件应该不是意外，而是财务纠纷,deduce,synthetic,
INT354,deduce_t3,从监控在关键时间段突然中断判断，嫌疑人显然提前布置了监控画面中的反光衣角,deduce,synthetic,
INT355,deduce_t4,我认为报案人在刻意转移视线，背后与债务压力有关,deduce,synthetic,
INT356,deduce_t0,我怀疑失踪者的同事在伪造不在场证明，动机可能是保险赔偿,deduce,synthetic,
INT357,deduce_t1,根据转账记录与口供时间冲突和时间线推断，真正的作案者更像是楼下保安,deduce,synthetic,
INT358,deduce_t2,结合嫌疑人衣袖上的灰尘来看，这起案件应该不是意外，而是旧日恩怨,deduce,synthetic,
INT359,deduce_t3,从窗台纤维与雨衣材质相同判断，嫌疑人显然提前布置了门锁边缘的刮痕,deduce,synthetic,
INT360,deduce_t4,我认为目击者在刻意转移视线，背后与非法交易有关,deduce,synthetic,
INT361,deduce_t0,我怀疑受害者家属在伪造不在场证明，动机可能是财务纠纷,deduce,synthetic,
INT362,deduce_t1,根据监控在关键时间段突然中断和时间线推断，真正的作案者更像是出租车司机,deduce,synthetic,
INT363,deduce_t2,结合地面残留的泥点来看，这起案件应该不是意外，而是债务压力,deduce,synthetic,
INT364,deduce_t3,从鞋印大小与嫌疑人一致判断，嫌疑人显然提前布置了桌面上未喝完的咖啡杯,deduce,synthetic,
INT365,deduce_t4,我认为楼下保安在刻意转移视线，背后与职场竞争有关,deduce,synthetic,
INT366,deduce_t0,我怀疑便利店店员在伪造不在场证明，动机可能是旧日恩怨,deduce,synthetic,
INT367,deduce_t1,根据窗台纤维与雨衣材质相同和时间线推断，真正的作案者更像是嫌疑人,deduce,synthetic,
INT368,deduce_t2,结合走廊里的脚印来看，这起案件应该不是意外，而是非法交易,deduce,synthetic,
INT369,deduce_t3,从门锁无撬痕但门把有摩擦判断，嫌疑人显然提前布置了手机最后一次通话记录,deduce,synthetic,
INT370,deduce_t4,我认为出租车司机在刻意转移视线，背后与家庭矛盾有关,deduce,synthetic,
INT371,deduce_t0,我怀疑报案人在伪造不在场证明，动机可能是债务压力,deduce,synthetic,
INT372,deduce_t1,根据鞋印大小与嫌疑人一致和时间线推断，真正的作案者更像是失踪者的同事,deduce,synthetic,
INT373,deduce_t2,结合窗台上的纤维碎屑来看，这起案件应该不是意外，而是职场竞争,deduce,synthetic,
INT374,deduce_t3,从走廊地面留下新鲜泥渍判断，嫌疑人显然提前布置了嫌疑人衣袖上的灰尘,deduce,synthetic,
INT375,deduce_t4,我认为嫌疑人在刻意转移视线，背后与隐瞒关系有关,deduce,synthetic,
INT376,act_t0,我现在前往公寓楼道调取监控，并通知协警封锁商场监控室,act,synthetic,
INT377,act_t1,先跟踪目击者，再在商场监控室布控,act,synthetic,
INT378,act_t2,立即联系车管所核对通话清单的流向,act,synthetic,
INT379,act_t3,我去河边码头取证，同时记录走廊里的脚印的变化,act,synthetic,
INT380,act_t4,马上进入居民楼顶层，把纸质笔录带回去做进一步分析,act,synthetic,
INT381,act_t0,我现在前往案发现场调取监控，并通知协警封锁地下停车场,act,synthetic,
INT382,act_t1,先跟踪楼下保安，再在地下停车场布控,act,synthetic,
INT383,act_t2,立即联系商场管理处核对手机的流向,act,synthetic,
INT384,act_t3,我去公寓楼道取证，同时记录窗台上的纤维碎屑的变化,act,synthetic,
INT385,act_t4,马上进入商场监控室，把车牌记录带回去做进一步分析,act,synthetic,
INT386,act_t0,我现在前往医院走廊调取监控，并通知协警封锁河边码头,act,synthetic,
INT387,act_t1,先跟踪出租车司机，再在河边码头布控,act,synthetic,
INT388,act_t2,立即联系医院保安部核对纸质笔录的流向,act,synthetic,
INT389,act_t3,我去案发现场取证，同时记录监控画面中的反光衣角的变化,act,synthetic,
INT390,act_t4,马上进入地下停车场，把手提袋带回去做进一步分析,act,synthetic,
INT391,act_t0,我现在前往旧仓库调取监控，并通知协警封锁公寓楼道,act,synthetic,
INT392,act_t1,先跟踪嫌疑人，再在公寓楼道布控,act,synthetic,
INT393,act_t2,立即联系交警支队核对车牌记录的流向,act,synthetic,
INT394,act_t3,我去医院走廊取证，同时记录门锁边缘的刮痕的变化,act,synthetic,
INT395,act_t4,马上进入河边码头，把行车记录仪带回去做进一步分析,act,synthetic,
INT396,act_t0,我现在前往居民楼顶层调取监控，并通知协警封锁案发现场,act,synthetic,
INT397,act_t1,先跟踪失踪者的同事，再在案发现场布控,act,synthetic,
INT398,act_t2,立即联系通信运营商核对手提袋的流向,act,synthetic,
INT399,act_t3,我去旧仓库取证，同时记录桌面上未喝完的咖啡杯的变化,act,synthetic,
INT400,act_t4,马上进入公寓楼道，把钥匙串带回去做进一步分析,act,synthetic,
INT401,act_t0,我现在前往商场监控室调取监控，并通知协警封锁医院走廊,act,synthetic,
INT402,act_t1,先跟踪受害者家属，再在医院走廊布控,act,synthetic,
INT403,act_t2,立即联系物业公司核对行车记录仪的流向,act,synthetic,
INT404,act_t3,我去居民楼顶层取证，同时记录手机最后一次通话记录的变化,act,synthetic,
INT405,act_t4,马上进入案发现场，把药盒带回去做进一步分析,act,synthetic,
INT406,act_t0,我现在前往地下停车场调取监控，并通知协警封锁旧仓库,act,synthetic,
INT407,act_t1,先跟踪便利店店员，再在旧仓库布控,act,synthetic,
INT408,act_t2,立即联系车管所核对钥匙串的流向,act,synthetic,
INT409,act_t3,我去商场监控室取证，同时记录嫌疑人衣袖上的灰尘的变化,act,synthetic,
INT410,act_t4,马上进入医院走廊，把通话清单带回去做进一步分析,act,synthetic,
INT411,act_t0,我现在前往河边码头调取监控，并通知协警封锁居民楼顶层,act,synthetic,
INT412,act_t1,先跟踪报案人，再在居民楼顶层布控,act,synthetic,
INT413,act_t2,立即联系商场管理处核对药盒的流向,act,synthetic,
INT414,act_t3,我去地下停车场取证，同时记录地面残留的泥点的变化,act,synthetic,
INT415,act_t4,马上进入旧仓库，把手机带回去做进一步分析,act,synthetic,
INT416,act_t0,我现在前往公寓楼道调取监控，并通知协警封锁商场监控室,act,synthetic,
INT417,act_t1,先跟踪目击者，再在商场监控室布控,act,synthetic,
INT418,act_t2,立即联系医院保安部核对通话清单的流向,act,synthetic,
INT419,act_t3,我去河边码头取证，同时记录走廊里的脚印的变化,act,synthetic,
INT420,act_t4,马上进入居民楼顶层，把纸质笔录带回去做进一步分析,act,synthetic,
INT421,act_t0,我现在前往案发现场调取监控，并通知协警封锁地下停车场,act,synthetic,
INT422,act_t1,先跟踪楼下保安，再在地下停车场布控,act,synthetic,
INT423,act_t2,立即联系交警支队核对手机的流向,act,synthetic,
INT424,act_t3,我去公寓楼道取证，同时记录窗台上的纤维碎屑的变化,act,synthetic,
INT425,act_t4,马上进入商场监控室，把车牌记录带回去做进一步分析,act,synthetic,
INT426,act_t0,我现在前往医院走廊调取监控，并通知协警封锁河边码头,act,synthetic,
INT427,act_t1,先跟踪出租车司机，再在河边码头布控,act,synthetic,
INT428,act_t2,立即联系通信运营商核对纸质笔录的流向,act,synthetic,
INT429,act_t3,我去案发现场取证，同时记录监控画面中的反光衣角的变化,act,synthetic,
INT430,act_t4,马上进入地下停车场，把手提袋带回去做进一步分析,act,synthetic,
INT431,act_t0,我现在前往旧仓库调取监控，并通知协警封锁公寓楼道,act,synthetic,
INT432,act_t1,先跟踪嫌疑人，再在公寓楼道布控,act,synthetic,
INT433,act_t2,立即联系物业公司核对车牌记录的流向,act,synthetic,
INT434,act_t3,我去医院走廊取证，同时记录门锁边缘的刮痕的变化,act,synthetic,
INT435,act_t4,马上进入河边码头，把行车记录仪带回去做进一步分析,act,synthetic,
INT436,act_t0,我现在前往居民楼顶层调取监控，并通知协警封锁案发现场,act,synthetic,
INT437,act_t1,先跟踪失踪者的同事，再在案发现场布控,act,synthetic,
INT438,act_t2,立即联系车管所核对手提袋的流向,act,synthetic,
INT439,act_t3,我去旧仓库取证，同时记录桌面上未喝完的咖啡杯的变化,act,synthetic,
INT440,act_t4,马上进入公寓楼道，把钥匙串带回去做进一步分析,act,synthetic,
INT441,act_t0,我现在前往商场监控室调取监控，并通知协警封锁医院走廊,act,synthetic,
INT442,act_t1,先跟踪受害者家属，再在医院走廊布控,act,synthetic,
INT443,act_t2,立即联系商场管理处核对行车记录仪的流向,act,synthetic,
INT444,act_t3,我去居民楼顶层取证，同时记录手机最后一次通话记录的变化,act,synthetic,
INT445,act_t4,马上进入案发现场，把药盒带回去做进一步分析,act,synthetic,
INT446,act_t0,我现在前往地下停车场调取监控，并通知协警封锁旧仓库,act,synthetic,
INT447,act_t1,先跟踪便利店店员，再在旧仓库布控,act,synthetic,
INT448,act_t2,立即联系医院保安部核对钥匙串的流向,act,synthetic,
INT449,act_t3,我去商场监控室取证，同时记录嫌疑人衣袖上的灰尘的变化,act,synthetic,
INT450,act_t4,马上进入医院走廊，把通话清单带回去做进一步分析,act,synthetic,
INT451,act_t0,我现在前往河边码头调取监控，并通知协警封锁居民楼顶层,act,synthetic,
INT452,act_t1,先跟踪报案人，再在居民楼顶层布控,act,synthetic,
INT453,act_t2,立即联系交警支队核对药盒的流向,act,synthetic,
INT454,act_t3,我去地下停车场取证，同时记录地面残留的泥点的变化,act,synthetic,
INT455,act_t4,马上进入旧仓库，把手机带回去做进一步分析,act,synthetic,
INT456,act_t0,我现在前往公寓楼道调取监控，并通知协警封锁商场监控室,act,synthetic,
INT457,act_t1,先跟踪目击者，再在商场监控室布控,act,synthetic,
INT458,act_t2,立即联系通信运营商核对通话清单的流向,act,synthetic,
INT459,act_t3,我去河边码头取证，同时记录走廊里的脚印的变化,act,synthetic,
INT460,act_t4,马上进入居民楼顶层，把纸质笔录带回去做进一步分析,act,synthetic,
INT461,act_t0,我现在前往案发现场调取监控，并通知协警封锁地下停车场,act,synthetic,
INT462,act_t1,先跟踪楼下保安，再在地下停车场布控,act,synthetic,
INT463,act_t2,立即联系物业公司核对手机的流向,act,synthetic,
INT464,act_t3,我去公寓楼道取证，同时记录窗台上的纤维碎屑的变化,act,synthetic,
INT465,act_t4,马上进入商场监控室，把车牌记录带回去做进一步分析,act,synthetic,
INT466,act_t0,我现在前往医院走廊调取监控，并通知协警封锁河边码头,act,synthetic,
INT467,act_t1,先跟踪出租车司机，再在河边码头布控,act,synthetic,
INT468,act_t2,立即联系车管所核对纸质笔录的流向,act,synthetic,
INT469,act_t3,我去案发现场取证，同时记录监控画面中的反光衣角的变化,act,synthetic,
INT470,act_t4,马上进入地下停车场，把手提袋带回去做进一步分析,act,synthetic,
INT471,act_t0,我现在前往旧仓库调取监控，并通知协警封锁公寓楼道,act,synthetic,
INT472,act_t1,先跟踪嫌疑人，再在公寓楼道布控,act,synthetic,
INT473,act_t2,立即联系商场管理处核对车牌记录的流向,act,synthetic,
INT474,act_t3,我去医院走廊取证，同时记录门锁边缘的刮痕的变化,act,synthetic,
INT475,act_t4,马上进入河边码头，把行车记录仪带回去做进一步分析,act,synthetic,
INT476,act_t0,我现在前往居民楼顶层调取监控，并通知协警封锁案发现场,act,synthetic,
INT477,act_t1,先跟踪失踪者的同事，再在案发现场布控,act,synthetic,
INT478,act_t2,立即联系医院保安部核对手提袋的流向,act,synthetic,
INT479,act_t3,我去旧仓库取证，同时记录桌面上未喝完的咖啡杯的变化,act,synthetic,
INT480,act_t4,马上进入公寓楼道，把钥匙串带回去做进一步分析,act,synthetic,
INT481,act_t0,我现在前往商场监控室调取监控，并通知协警封锁医院走廊,act,synthetic,
INT482,act_t1,先跟踪受害者家属，再在医院走廊布控,act,synthetic,
INT483,act_t2,立即联系交警支队核对行车记录仪的流向,act,synthetic,
INT484,act_t3,我去居民楼顶层取证，同时记录手机最后一次通话记录的变化,act,synthetic,
INT485,act_t4,马上进入案发现场，把药盒带回去做进一步分析,act,synthetic,
INT486,act_t0,我现在前往地下停车场调取监控，并通知协警封锁旧仓库,act,synthetic,
INT487,act_t1,先跟踪便利店店员，再在旧仓库布控,act,synthetic,
INT488,act_t2,立即联系通信运营商核对钥匙串的流向,act,synthetic,
INT489,act_t3,我去商场监控室取证，同时记录嫌疑人衣袖上的灰尘的变化,act,synthetic,
INT490,act_t4,马上进入医院走廊，把通话清单带回去做进一步分析,act,synthetic,
INT491,act_t0,我现在前往河边码头调取监控，并通知协警封锁居民楼顶层,act,synthetic,
INT492,act_t1,先跟踪报案人，再在居民楼顶层布控,act,synthetic,
INT493,act_t2,立即联系物业公司核对药盒的流向,act,synthetic,
INT494,act_t3,我去地下停车场取证，同时记录地面残留的泥点的变化,act,synthetic,
INT495,act_t4,马上进入旧仓库，把手机带回去做进一步分析,act,synthetic,
INT496,act_t0,我现在前往公寓楼道调取监控，并通知协警封锁商场监控室,act,synthetic,
INT497,act_t1,先跟踪目击者，再在商场监控室布控,act,synthetic,
INT498,act_t2,立即联系车管所核对通话清单的流向,act,synthetic,
INT499,act_t3,我去河边码头取证，同时记录走廊里的脚印的变化,act,synthetic,
INT500,act_t4,马上进入居民楼顶层，把纸质笔录带回去做进一步分析,act,synthetic,
